frame,type,left,reference,left_label,reference_label,iou
adasind_270517.jpg,mismatching_attributes,1,5,Car,Car,0.787
adasind_271039.jpg,mismatching_attributes,6,8,Pedestrian,Pedestrian,0.855
adasind_271039.jpg,mismatching_label,1,7,ThreeWheeler,Car,0.833
adasind_271039.jpg,extra_annotation,5,,Pedestrian,,N/A
adasind_271039.jpg,extra_annotation,7,,Pedestrian,,N/A
adasind_271039.jpg,extra_annotation,8,,Pedestrian,,N/A
adasind_271039.jpg,missing_annotation,,4,,Pedestrian,N/A
adasind_271039.jpg,missing_annotation,,5,,Pedestrian,N/A
adasind_271039.jpg,missing_annotation,,6,,ThreeWheeler,N/A
adasind_271039.jpg,missing_annotation,,9,,ThreeWheeler,N/A
adasind_271039.jpg,missing_annotation,,10,,Pedestrian,N/A
adasind_295948.jpg,mismatching_label,5,3,Pedestrian,Bike,0.957
adasind_295948.jpg,mismatching_label,3,1,Truck,Car,0.816
