round,slice,frame,object_ref,cell,what,why,severity,owner,rule_id,evidence,action,rules_version,note
calib,C0,adasind_019560.jpg,L7,na,SPURIOUS,E1_annotator_error,P1,annotator,R03,"L7 là box Pedestrian quanh người đang ngồi trên xe; đã có box Bike bao rider + xe",rework,R03,"Rider + two-wheeler = một Bike; không thêm Pedestrian"
r1_craft,B4-center,adasind_271039.jpg,L1+R7,na,WRONG_CLASS,,,,,,,,
r1_craft,B4-center,adasind_271039.jpg,L5+R5,na,BOX_GEOMETRY,,,,,,,,
r1_craft,B4-center,adasind_271039.jpg,L7+R8,na,DUPLICATE,,,,,,,,
r1_craft,B4-center,adasind_271039.jpg,L8,na,SPURIOUS,,,,,,,,
r1_craft,B4-center,adasind_271039.jpg,R4,na,MISSING,,,,,,,,
r1_craft,B4-center,adasind_271039.jpg,R6,na,MISSING,,,,,,,,
r1_craft,B4-center,adasind_271039.jpg,R9,na,MISSING,,,,,,,,
r1_craft,B4-center,adasind_271039.jpg,R10,na,MISSING,,,,,,,,
r1_craft,B4-center,adasind_295948.jpg,L1,na,IGNORE_SCOPE,,,,,,,,
r1_craft,B4-center,adasind_295948.jpg,L4,na,IGNORE_SCOPE,,,,,,,,
r1_craft,B4-center,adasind_295948.jpg,L3+R1,na,WRONG_CLASS,,,,,,,,
r1_craft,B4-center,adasind_295948.jpg,L5+R3,na,WRONG_CLASS,,,,,,,,
r3_diag,B4-center,adasind_270517.jpg,L5+R2,LR_noM,MISSING,E5_unresolved,P2,qa,R01,"L/R có nhưng M không có; cần đối chiếu ảnh gốc và threshold trước khi kết luận",keep_with_reason,,
r3_diag,B4-center,adasind_270517.jpg,L6+R4,LR_noM,MISSING,E5_unresolved,P2,qa,R01,"L/R có nhưng M không có; cần đối chiếu ảnh gốc và threshold trước khi kết luận",keep_with_reason,,
r3_diag,B4-center,adasind_270517.jpg,M5,M_only,SPURIOUS,E5_unresolved,P2,qa,R01,"M-only; chưa đủ evidence để kết luận model sai hay reference/annotation khác phạm vi",keep_with_reason,,
r3_diag,B4-center,adasind_270517.jpg,M6,M_only,SPURIOUS,E5_unresolved,P2,qa,R01,"M-only; chưa đủ evidence để kết luận model sai hay reference/annotation khác phạm vi",keep_with_reason,,
r3_diag,B4-center,adasind_270517.jpg,M7,M_only,SPURIOUS,E5_unresolved,P2,qa,R01,"M-only; chưa đủ evidence để kết luận model sai hay reference/annotation khác phạm vi",keep_with_reason,,
r3_diag,B4-center,adasind_270517.jpg,M9,M_only,SPURIOUS,E5_unresolved,P2,qa,R01,"M-only; chưa đủ evidence để kết luận model sai hay reference/annotation khác phạm vi",keep_with_reason,,
r3_diag,B4-center,adasind_270517.jpg,M10,M_only,SPURIOUS,E5_unresolved,P2,qa,R01,"M-only; chưa đủ evidence để kết luận model sai hay reference/annotation khác phạm vi",keep_with_reason,,
r3_diag,B4-center,adasind_270517.jpg,M11,M_only,SPURIOUS,E5_unresolved,P2,qa,R01,"M-only; chưa đủ evidence để kết luận model sai hay reference/annotation khác phạm vi",keep_with_reason,,
r3_diag,B4-center,adasind_271039.jpg,L1,L_only,SPURIOUS,E5_unresolved,P2,qa,R01,"L-only; cần đối chiếu ảnh gốc, vùng ignore và reference trước khi kết luận",keep_with_reason,,
r3_diag,B4-center,adasind_271039.jpg,L5+M5,LM_noR,SPURIOUS,E5_unresolved,P2,qa,R01,"L/M có nhưng R không có; cần đối chiếu ảnh gốc và reference",keep_with_reason,,
r3_diag,B4-center,adasind_271039.jpg,L7+M8,LM_noR,SPURIOUS,E5_unresolved,P2,qa,R01,"L/M có nhưng R không có; cần đối chiếu ảnh gốc và reference",keep_with_reason,,
r3_diag,B4-center,adasind_271039.jpg,L8,L_only,SPURIOUS,E5_unresolved,P2,qa,R01,"L-only; cần đối chiếu ảnh gốc, vùng ignore và reference trước khi kết luận",keep_with_reason,,
r3_diag,B4-center,adasind_271039.jpg,R4+M4,RM_noL,MISSING,E5_unresolved,P2,qa,R01,"R/M có nhưng L không có; cần đối chiếu ảnh gốc và reference",keep_with_reason,,
r3_diag,B4-center,adasind_271039.jpg,R5,R_only,MISSING,E5_unresolved,P2,qa,R01,"R-only; cần đối chiếu ảnh gốc và reference",keep_with_reason,,
r3_diag,B4-center,adasind_271039.jpg,R6,R_only,MISSING,E5_unresolved,P2,qa,R01,"R-only; cần đối chiếu ảnh gốc và reference",keep_with_reason,,
r3_diag,B4-center,adasind_271039.jpg,R7+M6,RM_noL,MISSING,E5_unresolved,P2,qa,R01,"R/M có nhưng L không có; cần đối chiếu ảnh gốc và reference",keep_with_reason,,
r3_diag,B4-center,adasind_271039.jpg,R9,R_only,MISSING,E5_unresolved,P2,qa,R01,"R-only; cần đối chiếu ảnh gốc và reference",keep_with_reason,,
r3_diag,B4-center,adasind_271039.jpg,R10,R_only,MISSING,E5_unresolved,P2,qa,R01,"R-only; cần đối chiếu ảnh gốc và reference",keep_with_reason,,
r3_diag,B4-center,adasind_271039.jpg,M9,M_only,SPURIOUS,E5_unresolved,P2,qa,R01,"M-only; cần đối chiếu ảnh gốc và reference trước khi kết luận",keep_with_reason,,
r3_diag,B4-center,adasind_271039.jpg,M11,M_only,SPURIOUS,E5_unresolved,P2,qa,R01,"M-only; cần đối chiếu ảnh gốc và reference trước khi kết luận",keep_with_reason,,
r3_diag,B4-center,adasind_271039.jpg,M12,M_only,SPURIOUS,E5_unresolved,P2,qa,R01,"M-only; cần đối chiếu ảnh gốc và reference trước khi kết luận",keep_with_reason,,
r3_diag,B4-center,adasind_295948.jpg,L3+M2,LM_noR,SPURIOUS,E5_unresolved,P2,qa,R01,"L/M có nhưng R không có; cần đối chiếu ảnh gốc và reference",keep_with_reason,,
r3_diag,B4-center,adasind_295948.jpg,L5,L_only,SPURIOUS,E5_unresolved,P2,qa,R01,"L-only; cần đối chiếu ảnh gốc và reference",keep_with_reason,,
r3_diag,B4-center,adasind_295948.jpg,R1,R_only,MISSING,E5_unresolved,P2,qa,R01,"R-only; cần đối chiếu ảnh gốc và reference",keep_with_reason,,
r3_diag,B4-center,adasind_295948.jpg,R3,R_only,MISSING,E5_unresolved,P2,qa,R01,"R-only; cần đối chiếu ảnh gốc và reference",keep_with_reason,,
r3_diag,B4-center,adasind_295948.jpg,M6,M_only,SPURIOUS,E5_unresolved,P2,qa,R01,"M-only; cần đối chiếu ảnh gốc và reference",keep_with_reason,,
r2_qa,B4-center,adasind_270517.jpg,QA-PASS-1,L_only,STRUCTURE,,P3,qa,QA-REVIEW,"QA mù frame 270517: không phát hiện lỗi cần ghi nhận",keep_with_reason,,
r2_qa,B4-center,adasind_271039.jpg,QA-PASS-2,LM_noR,STRUCTURE,,P3,qa,QA-REVIEW,"QA mù frame 271039: không phát hiện lỗi cần ghi nhận",keep_with_reason,,
r2_qa,B4-center,adasind_295948.jpg,QA-PASS-3,R_only,STRUCTURE,,P3,qa,QA-REVIEW,"QA mù frame 295948: không phát hiện lỗi cần ghi nhận",keep_with_reason,,