calib,C0,adasind_019560.jpg,L7,na,SPURIOUS,Người đang cưỡi xe hai bánh nên đã được gộp trong một nhãn Bike; không cần thêm Pedestrian,P1,annotator,R03,"L7 là box Pedestrian quanh người đang ngồi trên xe; đã có box Bike bao rider + xe",rework,R03,"Box L7 là nhãn dư so với quy tắc rider + two-wheeler = một Bike"calib,C0,adasind_019560.jpg,L7,na,SPURIOUS,,,,,,,,
r1_craft,B4-center,adasind_271039.jpg,L1+R7,na,WRONG_CLASS,,,,,,,,
r1_craft,B4-center,adasind_271039.jpg,L5+R5,na,BOX_GEOMETRY,,,,,,,,
r1_craft,B4-center,adasind_271039.jpg,L7+R8,na,DUPLICATE,,,,,,,,
r1_craft,B4-center,adasind_271039.jpg,L8,na,SPURIOUS,,,,,,,,
r1_craft,B4-center,adasind_271039.jpg,R4,na,MISSING,,,,,,,,
r1_craft,B4-center,adasind_271039.jpg,R6,na,MISSING,,,,,,,,
r1_craft,B4-center,adasind_271039.jpg,R9,na,MISSING,,,,,,,,
r1_craft,B4-center,adasind_271039.jpg,R10,na,MISSING,,,,,,,,
r1_craft,B4-center,adasind_295948.jpg,L1,na,IGNORE_SCOPE,,,,,,,,
r1_craft,B4-center,adasind_295948.jpg,L4,na,IGNORE_SCOPE,,,,,,,,
r1_craft,B4-center,adasind_295948.jpg,L3+R1,na,WRONG_CLASS,,,,,,,,
r1_craft,B4-center,adasind_295948.jpg,L5+R3,na,WRONG_CLASS,,,,,,,,
r3_diag,B4-center,adasind_270517.jpg,L5+R2,LR_noM,MISSING,,,,,,,,
r3_diag,B4-center,adasind_270517.jpg,L6+R4,LR_noM,MISSING,,,,,,,,
r3_diag,B4-center,adasind_270517.jpg,M5,M_only,SPURIOUS,,,,,,,,
r3_diag,B4-center,adasind_270517.jpg,M6,M_only,SPURIOUS,,,,,,,,
r3_diag,B4-center,adasind_270517.jpg,M7,M_only,SPURIOUS,,,,,,,,
r3_diag,B4-center,adasind_270517.jpg,M9,M_only,SPURIOUS,,,,,,,,
r3_diag,B4-center,adasind_270517.jpg,M10,M_only,SPURIOUS,,,,,,,,
r3_diag,B4-center,adasind_270517.jpg,M11,M_only,SPURIOUS,,,,,,,,
r3_diag,B4-center,adasind_271039.jpg,L1,L_only,SPURIOUS,,,,,,,,
r3_diag,B4-center,adasind_271039.jpg,L5+M5,LM_noR,SPURIOUS,,,,,,,,
r3_diag,B4-center,adasind_271039.jpg,L7+M8,LM_noR,SPURIOUS,,,,,,,,
r3_diag,B4-center,adasind_271039.jpg,L8,L_only,SPURIOUS,,,,,,,,
r3_diag,B4-center,adasind_271039.jpg,R4+M4,RM_noL,MISSING,,,,,,,,
r3_diag,B4-center,adasind_271039.jpg,R5,R_only,MISSING,,,,,,,,
r3_diag,B4-center,adasind_271039.jpg,R6,R_only,MISSING,,,,,,,,
r3_diag,B4-center,adasind_271039.jpg,R7+M6,RM_noL,MISSING,,,,,,,,
r3_diag,B4-center,adasind_271039.jpg,R9,R_only,MISSING,,,,,,,,
r3_diag,B4-center,adasind_271039.jpg,R10,R_only,MISSING,,,,,,,,
r3_diag,B4-center,adasind_271039.jpg,M9,M_only,SPURIOUS,,,,,,,,
r3_diag,B4-center,adasind_271039.jpg,M11,M_only,SPURIOUS,,,,,,,,
r3_diag,B4-center,adasind_271039.jpg,M12,M_only,SPURIOUS,,,,,,,,
r3_diag,B4-center,adasind_295948.jpg,L3+M2,LM_noR,SPURIOUS,,,,,,,,
r3_diag,B4-center,adasind_295948.jpg,L5,L_only,SPURIOUS,,,,,,,,
r3_diag,B4-center,adasind_295948.jpg,R1,R_only,MISSING,,,,,,,,
r3_diag,B4-center,adasind_295948.jpg,R3,R_only,MISSING,,,,,,,,
r3_diag,B4-center,adasind_295948.jpg,M6,M_only,SPURIOUS,,,,,,,,
